1,1,Message 0
2,1,Message 1
3,1,Message 2
4,1,Message 3
5,1,Message 4
6,1,Message 5
7,1,Message 6
8,1,Message 7
9,1,Message 8
10,1,Message 9
11,1,Message 10
12,1,Message 11
13,2,Message 0
14,2,Message 1
15,2,Message 2
16,2,Message 3
17,2,Message 4
18,2,Message 5
19,2,Message 6
20,2,Message 7
21,2,Message 8
22,2,Message 9
23,2,Message 10
24,2,Message 11
25,2,Message 12
26,2,Message 13
27,2,Message 14
28,2,Message 15
29,2,Message 16
30,2,Message 17
31,2,Message 18
32,2,Message 19
33,2,Message 20
34,2,Message 21
35,2,Message 22
36,3,Message 0
37,3,Message 1
38,3,Message 2
39,3,Message 3
40,3,Message 4
41,3,Message 5
42,3,Message 6
43,3,Message 7
44,3,Message 8
45,3,Message 9
46,3,Message 10
47,3,Message 11
48,3,Message 12
49,3,Message 13
50,3,Message 14
51,3,Message 15
52,3,Message 16
53,3,Message 17
54,3,Message 18
55,3,Message 19
56,3,Message 20
57,3,Message 21
58,3,Message 22
59,3,Message 23
60,3,Message 24
61,3,Message 25
62,3,Message 26
63,3,Message 27
64,3,Message 28
65,4,Message 0
66,4,Message 1
67,4,Message 2
68,4,Message 3
69,4,Message 4
70,5,Message 0
71,5,Message 1
72,5,Message 2
73,5,Message 3
74,5,Message 4
75,5,Message 5
76,5,Message 6
77,5,Message 7
78,5,Message 8
79,5,Message 9
80,5,Message 10
81,5,Message 11
82,5,Message 12
83,6,Message 0
84,6,Message 1
85,6,Message 2
86,6,Message 3
87,6,Message 4
88,6,Message 5
89,6,Message 6
90,6,Message 7
91,6,Message 8
92,6,Message 9
93,6,Message 10
94,6,Message 11
95,6,Message 12
96,6,Message 13
97,6,Message 14
98,6,Message 15
99,6,Message 16
100,6,Message 17
101,6,Message 18
102,6,Message 19
103,7,Message 0
104,7,Message 1
105,7,Message 2
106,7,Message 3
107,7,Message 4
108,7,Message 5
109,7,Message 6
110,7,Message 7
111,7,Message 8
112,7,Message 9
113,7,Message 10
114,7,Message 11
115,7,Message 12
116,7,Message 13
117,7,Message 14
118,7,Message 15
119,7,Message 16
120,7,Message 17
121,7,Message 18
122,7,Message 19
123,7,Message 20
124,7,Message 21
125,7,Message 22
126,7,Message 23
127,7,Message 24
128,7,Message 25
129,8,Message 0
130,8,Message 1
131,8,Message 2
132,8,Message 3
133,8,Message 4
134,8,Message 5
135,8,Message 6
136,8,Message 7
137,8,Message 8
138,8,Message 9
139,8,Message 10
140,8,Message 11
141,8,Message 12
142,8,Message 13
143,8,Message 14
144,8,Message 15
145,8,Message 16
146,8,Message 17
147,8,Message 18
148,8,Message 19
149,8,Message 20
150,8,Message 21
151,9,Message 0
152,9,Message 1
153,9,Message 2
154,9,Message 3
155,9,Message 4
156,9,Message 5
157,9,Message 6
158,9,Message 7
159,9,Message 8
160,9,Message 9
161,9,Message 10
162,9,Message 11
163,9,Message 12
164,9,Message 13
165,9,Message 14
166,9,Message 15
167,9,Message 16
168,9,Message 17
169,9,Message 18
170,10,Message 0
171,10,Message 1
172,10,Message 2
173,10,Message 3
174,10,Message 4
175,10,Message 5
176,10,Message 6
177,10,Message 7
178,10,Message 8
179,10,Message 9
180,11,Message 0
181,11,Message 1
182,11,Message 2
183,11,Message 3
184,11,Message 4
185,11,Message 5
186,11,Message 6
187,12,Message 0
188,12,Message 1
189,12,Message 2
190,12,Message 3
191,12,Message 4
192,12,Message 5
193,13,Message 0
194,13,Message 1
195,13,Message 2
196,13,Message 3
197,13,Message 4
198,13,Message 5
199,13,Message 6
200,13,Message 7
201,13,Message 8
202,13,Message 9
203,13,Message 10
204,13,Message 11
205,13,Message 12
206,13,Message 13
207,13,Message 14
208,13,Message 15
209,14,Message 0
210,14,Message 1
211,14,Message 2
212,14,Message 3
213,14,Message 4
214,14,Message 5
215,14,Message 6
216,14,Message 7
217,14,Message 8
218,14,Message 9
219,14,Message 10
220,14,Message 11
221,14,Message 12
222,14,Message 13
223,14,Message 14
224,14,Message 15
225,14,Message 16
226,15,Message 0
227,15,Message 1
228,15,Message 2
229,15,Message 3
230,15,Message 4
231,15,Message 5
232,15,Message 6
233,15,Message 7
234,15,Message 8
235,15,Message 9
236,15,Message 10
237,15,Message 11
238,15,Message 12
239,15,Message 13
240,15,Message 14
241,15,Message 15
242,16,Message 0
243,16,Message 1
244,16,Message 2
245,16,Message 3
246,16,Message 4
247,16,Message 5
248,16,Message 6
249,17,Message 0
250,17,Message 1
251,17,Message 2
252,17,Message 3
253,17,Message 4
254,17,Message 5
255,17,Message 6
256,17,Message 7
257,17,Message 8
258,17,Message 9
259,17,Message 10
260,17,Message 11
261,17,Message 12
262,17,Message 13
263,17,Message 14
264,17,Message 15
265,17,Message 16
266,18,Message 0
267,18,Message 1
268,18,Message 2
269,18,Message 3
270,18,Message 4
271,18,Message 5
272,18,Message 6
273,18,Message 7
274,18,Message 8
275,19,Message 0
276,19,Message 1
277,19,Message 2
278,19,Message 3
279,19,Message 4
280,19,Message 5
281,19,Message 6
282,19,Message 7
283,19,Message 8
284,19,Message 9
285,19,Message 10
286,19,Message 11
287,19,Message 12
288,19,Message 13
289,19,Message 14
290,19,Message 15
291,19,Message 16
292,19,Message 17
293,19,Message 18
294,19,Message 19
295,19,Message 20
296,19,Message 21
297,19,Message 22
298,19,Message 23
299,19,Message 24
300,20,Message 0
301,20,Message 1
302,20,Message 2
303,20,Message 3
304,20,Message 4
305,20,Message 5
306,20,Message 6
307,20,Message 7
308,20,Message 8
309,20,Message 9
310,20,Message 10
311,20,Message 11
312,20,Message 12
313,20,Message 13
314,20,Message 14
315,21,Message 0
316,21,Message 1
317,21,Message 2
318,21,Message 3
319,21,Message 4
320,21,Message 5
321,21,Message 6
322,21,Message 7
323,22,Message 0
324,22,Message 1
325,22,Message 2
326,22,Message 3
327,22,Message 4
328,22,Message 5
329,22,Message 6
330,22,Message 7
331,22,Message 8
332,22,Message 9
333,22,Message 10
334,22,Message 11
335,22,Message 12
336,22,Message 13
337,22,Message 14
338,22,Message 15
339,22,Message 16
340,22,Message 17
341,22,Message 18
342,22,Message 19
343,22,Message 20
344,22,Message 21
345,22,Message 22
346,22,Message 23
347,23,Message 0
348,23,Message 1
349,23,Message 2
350,23,Message 3
351,23,Message 4
352,24,Message 0
353,24,Message 1
354,24,Message 2
355,24,Message 3
356,24,Message 4
357,24,Message 5
358,24,Message 6
359,24,Message 7
360,24,Message 8
361,24,Message 9
362,24,Message 10
363,24,Message 11
364,24,Message 12
365,24,Message 13
366,24,Message 14
367,24,Message 15
368,24,Message 16
369,24,Message 17
370,25,Message 0
371,25,Message 1
372,25,Message 2
373,25,Message 3
374,25,Message 4
375,25,Message 5
376,25,Message 6
377,25,Message 7
378,25,Message 8
379,25,Message 9
380,25,Message 10
381,25,Message 11
382,25,Message 12
383,26,Message 0
384,26,Message 1
385,26,Message 2
386,26,Message 3
387,26,Message 4
388,26,Message 5
389,26,Message 6
390,26,Message 7
391,26,Message 8
392,26,Message 9
393,26,Message 10
394,26,Message 11
395,26,Message 12
396,26,Message 13
397,26,Message 14
398,26,Message 15
399,26,Message 16
400,26,Message 17
401,26,Message 18
402,26,Message 19
403,27,Message 0
404,27,Message 1
405,27,Message 2
406,27,Message 3
407,27,Message 4
408,27,Message 5
409,28,Message 0
410,28,Message 1
411,28,Message 2
412,28,Message 3
413,28,Message 4
414,28,Message 5
415,28,Message 6
416,28,Message 7
417,28,Message 8
418,28,Message 9
419,29,Message 0
420,29,Message 1
421,29,Message 2
422,29,Message 3
423,29,Message 4
424,29,Message 5
425,29,Message 6
426,29,Message 7
427,29,Message 8
428,29,Message 9
429,29,Message 10
430,30,Message 0
431,30,Message 1
432,30,Message 2
433,30,Message 3
434,30,Message 4
435,30,Message 5
436,30,Message 6
437,30,Message 7
438,30,Message 8
439,30,Message 9
440,30,Message 10
441,30,Message 11
442,30,Message 12
443,30,Message 13
444,30,Message 14
445,30,Message 15
446,30,Message 16
447,30,Message 17
448,30,Message 18
449,30,Message 19
450,30,Message 20
451,30,Message 21
452,30,Message 22
453,30,Message 23
454,30,Message 24
455,31,Message 0
456,31,Message 1
457,31,Message 2
458,31,Message 3
459,31,Message 4
460,31,Message 5
461,31,Message 6
462,31,Message 7
463,31,Message 8
464,31,Message 9
465,31,Message 10
466,31,Message 11
467,31,Message 12
468,31,Message 13
469,31,Message 14
470,31,Message 15
471,31,Message 16
472,32,Message 0
473,32,Message 1
474,32,Message 2
475,32,Message 3
476,32,Message 4
477,32,Message 5
478,32,Message 6
479,32,Message 7
480,32,Message 8
481,32,Message 9
482,32,Message 10
483,32,Message 11
484,32,Message 12
485,32,Message 13
486,32,Message 14
487,32,Message 15
488,32,Message 16
489,32,Message 17
490,32,Message 18
491,33,Message 0
492,33,Message 1
493,33,Message 2
494,33,Message 3
495,33,Message 4
496,33,Message 5
497,33,Message 6
498,33,Message 7
499,33,Message 8
500,33,Message 9
501,33,Message 10
502,33,Message 11
503,33,Message 12
504,33,Message 13
505,33,Message 14
506,33,Message 15
507,33,Message 16
508,33,Message 17
509,33,Message 18
510,33,Message 19
511,34,Message 0
512,34,Message 1
513,34,Message 2
514,34,Message 3
515,34,Message 4
516,34,Message 5
517,34,Message 6
518,34,Message 7
519,34,Message 8
520,34,Message 9
521,35,Message 0
522,35,Message 1
523,35,Message 2
524,35,Message 3
525,35,Message 4
526,35,Message 5
527,35,Message 6
528,35,Message 7
529,35,Message 8
530,35,Message 9
531,35,Message 10
532,35,Message 11
533,35,Message 12
534,35,Message 13
535,35,Message 14
536,35,Message 15
537,35,Message 16
538,35,Message 17
539,35,Message 18
540,35,Message 19
541,35,Message 20
542,35,Message 21
543,35,Message 22
544,35,Message 23
545,35,Message 24
546,35,Message 25
547,35,Message 26
548,36,Message 0
549,36,Message 1
550,36,Message 2
551,36,Message 3
552,36,Message 4
553,36,Message 5
554,36,Message 6
555,36,Message 7
556,36,Message 8
557,36,Message 9
558,36,Message 10
559,36,Message 11
560,36,Message 12
561,36,Message 13
562,37,Message 0
563,37,Message 1
564,37,Message 2
565,37,Message 3
566,37,Message 4
567,37,Message 5
568,37,Message 6
569,37,Message 7
570,37,Message 8
571,37,Message 9
572,37,Message 10
573,37,Message 11
574,37,Message 12
575,38,Message 0
576,38,Message 1
577,38,Message 2
578,38,Message 3
579,38,Message 4
580,38,Message 5
581,38,Message 6
582,38,Message 7
583,38,Message 8
584,38,Message 9
585,38,Message 10
586,38,Message 11
587,38,Message 12
588,38,Message 13
589,38,Message 14
590,38,Message 15
591,38,Message 16
592,38,Message 17
593,38,Message 18
594,38,Message 19
595,38,Message 20
596,38,Message 21
597,39,Message 0
598,39,Message 1
599,39,Message 2
600,39,Message 3
601,39,Message 4
602,39,Message 5
603,39,Message 6
604,39,Message 7
605,39,Message 8
606,39,Message 9
607,40,Message 0
608,40,Message 1
609,40,Message 2
610,40,Message 3
611,40,Message 4
612,40,Message 5
613,40,Message 6
614,40,Message 7
615,40,Message 8
616,40,Message 9
617,40,Message 10
618,40,Message 11
619,40,Message 12
620,40,Message 13
621,40,Message 14
622,40,Message 15
623,40,Message 16
624,40,Message 17
625,40,Message 18
626,40,Message 19
627,40,Message 20
628,40,Message 21
629,40,Message 22
630,41,Message 0
631,41,Message 1
632,41,Message 2
633,41,Message 3
634,41,Message 4
635,41,Message 5
636,41,Message 6
637,41,Message 7
638,41,Message 8
639,41,Message 9
640,41,Message 10
641,41,Message 11
642,41,Message 12
643,41,Message 13
644,41,Message 14
645,41,Message 15
646,41,Message 16
647,41,Message 17
648,41,Message 18
649,41,Message 19
650,41,Message 20
651,41,Message 21
652,41,Message 22
653,41,Message 23
654,41,Message 24
655,41,Message 25
656,41,Message 26
657,42,Message 0
658,42,Message 1
659,42,Message 2
660,42,Message 3
661,42,Message 4
662,42,Message 5
663,42,Message 6
664,42,Message 7
665,42,Message 8
666,42,Message 9
667,42,Message 10
668,42,Message 11
669,42,Message 12
670,42,Message 13
671,42,Message 14
672,43,Message 0
673,43,Message 1
674,43,Message 2
675,43,Message 3
676,43,Message 4
677,43,Message 5
678,43,Message 6
679,43,Message 7
680,43,Message 8
681,43,Message 9
682,44,Message 0
683,44,Message 1
684,44,Message 2
685,44,Message 3
686,44,Message 4
687,44,Message 5
688,44,Message 6
689,44,Message 7
690,44,Message 8
691,44,Message 9
692,44,Message 10
693,44,Message 11
694,44,Message 12
695,44,Message 13
696,44,Message 14
697,44,Message 15
698,45,Message 0
699,45,Message 1
700,45,Message 2
701,45,Message 3
702,45,Message 4
703,45,Message 5
704,45,Message 6
705,46,Message 0
706,46,Message 1
707,46,Message 2
708,46,Message 3
709,46,Message 4
710,46,Message 5
711,46,Message 6
712,46,Message 7
713,46,Message 8
714,46,Message 9
715,46,Message 10
716,46,Message 11
717,46,Message 12
718,46,Message 13
719,46,Message 14
720,46,Message 15
721,46,Message 16
722,46,Message 17
723,46,Message 18
724,46,Message 19
725,46,Message 20
726,46,Message 21
727,46,Message 22
728,46,Message 23
729,46,Message 24
730,46,Message 25
731,46,Message 26
732,46,Message 27
733,47,Message 0
734,47,Message 1
735,47,Message 2
736,47,Message 3
737,47,Message 4
738,47,Message 5
739,47,Message 6
740,47,Message 7
741,47,Message 8
742,47,Message 9
743,47,Message 10
744,47,Message 11
745,47,Message 12
746,47,Message 13
747,47,Message 14
748,47,Message 15
749,47,Message 16
750,48,Message 0
751,48,Message 1
752,48,Message 2
753,48,Message 3
754,48,Message 4
755,48,Message 5
756,48,Message 6
757,48,Message 7
758,48,Message 8
759,48,Message 9
760,48,Message 10
761,48,Message 11
762,48,Message 12
763,48,Message 13
764,48,Message 14
765,48,Message 15
766,48,Message 16
767,48,Message 17
768,48,Message 18
769,48,Message 19
770,48,Message 20
771,49,Message 0
772,49,Message 1
773,49,Message 2
774,49,Message 3
775,49,Message 4
776,49,Message 5
777,49,Message 6
778,49,Message 7
779,49,Message 8
780,49,Message 9
781,49,Message 10
782,49,Message 11
783,49,Message 12
784,50,Message 0
785,50,Message 1
786,50,Message 2
787,50,Message 3
788,50,Message 4
789,51,Message 0
790,51,Message 1
791,51,Message 2
792,51,Message 3
793,51,Message 4
794,51,Message 5
795,51,Message 6
796,51,Message 7
797,51,Message 8
798,51,Message 9
799,51,Message 10
800,51,Message 11
801,51,Message 12
802,51,Message 13
803,52,Message 0
804,52,Message 1
805,52,Message 2
806,52,Message 3
807,52,Message 4
808,52,Message 5
809,52,Message 6
810,52,Message 7
811,52,Message 8
812,52,Message 9
813,52,Message 10
814,52,Message 11
815,52,Message 12
816,52,Message 13
817,52,Message 14
818,52,Message 15
819,52,Message 16
820,52,Message 17
821,52,Message 18
822,53,Message 0
823,53,Message 1
824,53,Message 2
825,53,Message 3
826,53,Message 4
827,53,Message 5
828,53,Message 6
829,53,Message 7
830,53,Message 8
831,54,Message 0
832,54,Message 1
833,54,Message 2
834,54,Message 3
835,54,Message 4
836,54,Message 5
837,54,Message 6
838,54,Message 7
839,54,Message 8
840,55,Message 0
841,55,Message 1
842,55,Message 2
843,55,Message 3
844,55,Message 4
845,55,Message 5
846,55,Message 6
847,55,Message 7
848,55,Message 8
849,55,Message 9
850,55,Message 10
851,55,Message 11
852,55,Message 12
853,55,Message 13
854,56,Message 0
855,56,Message 1
856,56,Message 2
857,56,Message 3
858,56,Message 4
859,56,Message 5
860,56,Message 6
861,56,Message 7
862,56,Message 8
863,56,Message 9
864,56,Message 10
865,56,Message 11
866,56,Message 12
867,56,Message 13
868,56,Message 14
869,56,Message 15
870,56,Message 16
871,56,Message 17
872,56,Message 18
873,56,Message 19
874,56,Message 20
875,56,Message 21
876,56,Message 22
877,56,Message 23
878,56,Message 24
879,56,Message 25
880,56,Message 26
881,56,Message 27
882,57,Message 0
883,57,Message 1
884,57,Message 2
885,57,Message 3
886,57,Message 4
887,57,Message 5
888,57,Message 6
889,57,Message 7
890,57,Message 8
891,57,Message 9
892,58,Message 0
893,58,Message 1
894,58,Message 2
895,58,Message 3
896,58,Message 4
897,58,Message 5
898,58,Message 6
899,59,Message 0
900,59,Message 1
901,59,Message 2
902,59,Message 3
903,59,Message 4
904,59,Message 5
905,59,Message 6
906,59,Message 7
907,59,Message 8
908,59,Message 9
909,59,Message 10
910,59,Message 11
911,59,Message 12
912,59,Message 13
913,59,Message 14
914,59,Message 15
915,59,Message 16
916,59,Message 17
917,59,Message 18
918,59,Message 19
919,60,Message 0
920,60,Message 1
921,60,Message 2
922,60,Message 3
923,60,Message 4
924,60,Message 5
925,60,Message 6
926,60,Message 7
927,60,Message 8
928,60,Message 9
929,60,Message 10
930,60,Message 11
931,60,Message 12
932,60,Message 13
933,60,Message 14
934,60,Message 15
935,61,Message 0
936,61,Message 1
937,61,Message 2
938,61,Message 3
939,61,Message 4
940,61,Message 5
941,61,Message 6
942,61,Message 7
943,61,Message 8
944,61,Message 9
945,61,Message 10
946,61,Message 11
947,61,Message 12
948,62,Message 0
949,62,Message 1
950,62,Message 2
951,62,Message 3
952,62,Message 4
953,62,Message 5
954,62,Message 6
955,62,Message 7
956,62,Message 8
957,63,Message 0
958,63,Message 1
959,63,Message 2
960,63,Message 3
961,63,Message 4
962,63,Message 5
963,63,Message 6
964,63,Message 7
965,63,Message 8
966,64,Message 0
967,64,Message 1
968,64,Message 2
969,64,Message 3
970,64,Message 4
971,64,Message 5
972,64,Message 6
973,64,Message 7
974,64,Message 8
975,65,Message 0
976,65,Message 1
977,65,Message 2
978,65,Message 3
979,65,Message 4
980,65,Message 5
981,65,Message 6
982,65,Message 7
983,66,Message 0
984,66,Message 1
985,66,Message 2
986,66,Message 3
987,66,Message 4
988,66,Message 5
989,66,Message 6
990,66,Message 7
991,66,Message 8
992,66,Message 9
993,66,Message 10
994,66,Message 11
995,66,Message 12
996,66,Message 13
997,66,Message 14
998,66,Message 15
999,66,Message 16
1000,66,Message 17
1001,66,Message 18
1002,66,Message 19
1003,66,Message 20
1004,66,Message 21
1005,66,Message 22
1006,66,Message 23
1007,66,Message 24
1008,66,Message 25
1009,66,Message 26
1010,66,Message 27
1011,67,Message 0
1012,67,Message 1
1013,67,Message 2
1014,67,Message 3
1015,67,Message 4
1016,67,Message 5
1017,67,Message 6
1018,67,Message 7
1019,67,Message 8
1020,67,Message 9
1021,67,Message 10
1022,67,Message 11
1023,67,Message 12
1024,67,Message 13
1025,67,Message 14
1026,67,Message 15
1027,67,Message 16
1028,67,Message 17
1029,68,Message 0
1030,68,Message 1
1031,68,Message 2
1032,68,Message 3
1033,68,Message 4
1034,68,Message 5
1035,68,Message 6
1036,68,Message 7
1037,68,Message 8
1038,68,Message 9
1039,68,Message 10
1040,68,Message 11
1041,68,Message 12
1042,68,Message 13
1043,68,Message 14
1044,68,Message 15
1045,68,Message 16
1046,68,Message 17
1047,68,Message 18
1048,68,Message 19
1049,68,Message 20
1050,68,Message 21
1051,68,Message 22
1052,69,Message 0
1053,69,Message 1
1054,69,Message 2
1055,69,Message 3
1056,69,Message 4
1057,69,Message 5
1058,69,Message 6
1059,70,Message 0
1060,70,Message 1
1061,70,Message 2
1062,70,Message 3
1063,70,Message 4
1064,70,Message 5
1065,70,Message 6
1066,70,Message 7
1067,70,Message 8
1068,70,Message 9
1069,70,Message 10
1070,70,Message 11
1071,70,Message 12
1072,70,Message 13
1073,70,Message 14
1074,70,Message 15
1075,70,Message 16
1076,70,Message 17
1077,70,Message 18
1078,70,Message 19
1079,70,Message 20
1080,71,Message 0
1081,71,Message 1
1082,71,Message 2
1083,71,Message 3
1084,71,Message 4
1085,71,Message 5
1086,71,Message 6
1087,71,Message 7
1088,71,Message 8
1089,71,Message 9
1090,71,Message 10
1091,71,Message 11
1092,71,Message 12
1093,71,Message 13
1094,71,Message 14
1095,71,Message 15
1096,71,Message 16
1097,71,Message 17
1098,71,Message 18
1099,71,Message 19
1100,71,Message 20
1101,71,Message 21
1102,72,Message 0
1103,72,Message 1
1104,72,Message 2
1105,72,Message 3
1106,72,Message 4
1107,72,Message 5
1108,72,Message 6
1109,72,Message 7
1110,72,Message 8
1111,72,Message 9
1112,72,Message 10
1113,72,Message 11
1114,72,Message 12
1115,72,Message 13
1116,72,Message 14
1117,72,Message 15
1118,72,Message 16
1119,72,Message 17
1120,72,Message 18
1121,72,Message 19
1122,72,Message 20
1123,72,Message 21
1124,72,Message 22
1125,72,Message 23
1126,72,Message 24
1127,72,Message 25
1128,73,Message 0
1129,73,Message 1
1130,73,Message 2
1131,73,Message 3
1132,73,Message 4
1133,73,Message 5
1134,73,Message 6
1135,73,Message 7
1136,73,Message 8
1137,73,Message 9
1138,73,Message 10
1139,73,Message 11
1140,73,Message 12
1141,73,Message 13
1142,73,Message 14
1143,73,Message 15
1144,73,Message 16
1145,73,Message 17
1146,73,Message 18
1147,73,Message 19
1148,73,Message 20
1149,73,Message 21
1150,73,Message 22
1151,74,Message 0
1152,74,Message 1
1153,74,Message 2
1154,74,Message 3
1155,74,Message 4
1156,74,Message 5
1157,74,Message 6
1158,74,Message 7
1159,74,Message 8
1160,74,Message 9
1161,74,Message 10
1162,74,Message 11
1163,74,Message 12
1164,74,Message 13
1165,74,Message 14
1166,74,Message 15
1167,74,Message 16
1168,75,Message 0
1169,75,Message 1
1170,75,Message 2
1171,75,Message 3
1172,75,Message 4
1173,75,Message 5
1174,75,Message 6
1175,75,Message 7
1176,75,Message 8
1177,75,Message 9
1178,75,Message 10
1179,75,Message 11
1180,75,Message 12
1181,75,Message 13
1182,76,Message 0
1183,76,Message 1
1184,76,Message 2
1185,76,Message 3
1186,76,Message 4
1187,76,Message 5
1188,76,Message 6
1189,76,Message 7
1190,76,Message 8
1191,76,Message 9
1192,76,Message 10
1193,76,Message 11
1194,76,Message 12
1195,76,Message 13
1196,76,Message 14
1197,76,Message 15
1198,76,Message 16
1199,76,Message 17
1200,76,Message 18
1201,76,Message 19
1202,76,Message 20
1203,76,Message 21
1204,76,Message 22
1205,76,Message 23
1206,76,Message 24
1207,76,Message 25
1208,76,Message 26
1209,76,Message 27
1210,76,Message 28
1211,77,Message 0
1212,77,Message 1
1213,77,Message 2
1214,77,Message 3
1215,77,Message 4
1216,78,Message 0
1217,78,Message 1
1218,78,Message 2
1219,78,Message 3
1220,78,Message 4
1221,78,Message 5
1222,78,Message 6
1223,78,Message 7
1224,78,Message 8
1225,78,Message 9
1226,78,Message 10
1227,78,Message 11
1228,78,Message 12
1229,79,Message 0
1230,79,Message 1
1231,79,Message 2
1232,79,Message 3
1233,79,Message 4
1234,79,Message 5
1235,79,Message 6
1236,79,Message 7
1237,79,Message 8
1238,79,Message 9
1239,79,Message 10
1240,79,Message 11
1241,79,Message 12
1242,79,Message 13
1243,79,Message 14
1244,79,Message 15
1245,79,Message 16
1246,79,Message 17
1247,79,Message 18
1248,80,Message 0
1249,80,Message 1
1250,80,Message 2
1251,80,Message 3
1252,80,Message 4
1253,80,Message 5
1254,80,Message 6
1255,80,Message 7
1256,80,Message 8
1257,80,Message 9
1258,80,Message 10
1259,80,Message 11
1260,81,Message 0
1261,81,Message 1
1262,81,Message 2
1263,81,Message 3
1264,81,Message 4
1265,81,Message 5
1266,81,Message 6
1267,81,Message 7
1268,81,Message 8
1269,81,Message 9
1270,81,Message 10
1271,81,Message 11
1272,81,Message 12
1273,81,Message 13
1274,81,Message 14
1275,81,Message 15
1276,81,Message 16
1277,81,Message 17
1278,81,Message 18
1279,81,Message 19
1280,81,Message 20
1281,81,Message 21
1282,81,Message 22
1283,81,Message 23
1284,81,Message 24
1285,82,Message 0
1286,82,Message 1
1287,82,Message 2
1288,82,Message 3
1289,82,Message 4
1290,82,Message 5
1291,82,Message 6
1292,82,Message 7
1293,82,Message 8
1294,82,Message 9
1295,82,Message 10
1296,82,Message 11
1297,82,Message 12
1298,82,Message 13
1299,83,Message 0
1300,83,Message 1
1301,83,Message 2
1302,83,Message 3
1303,83,Message 4
1304,83,Message 5
1305,83,Message 6
1306,83,Message 7
1307,83,Message 8
1308,83,Message 9
1309,83,Message 10
1310,83,Message 11
1311,83,Message 12
1312,83,Message 13
1313,83,Message 14
1314,83,Message 15
1315,83,Message 16
1316,83,Message 17
1317,83,Message 18
1318,83,Message 19
1319,83,Message 20
1320,83,Message 21
1321,83,Message 22
1322,83,Message 23
1323,83,Message 24
1324,83,Message 25
1325,84,Message 0
1326,84,Message 1
1327,84,Message 2
1328,84,Message 3
1329,84,Message 4
1330,84,Message 5
1331,85,Message 0
1332,85,Message 1
1333,85,Message 2
1334,85,Message 3
1335,85,Message 4
1336,85,Message 5
1337,85,Message 6
1338,85,Message 7
1339,85,Message 8
1340,85,Message 9
1341,85,Message 10
1342,86,Message 0
1343,86,Message 1
1344,86,Message 2
1345,86,Message 3
1346,86,Message 4
1347,86,Message 5
1348,86,Message 6
1349,86,Message 7
1350,86,Message 8
1351,86,Message 9
1352,86,Message 10
1353,86,Message 11
1354,86,Message 12
1355,86,Message 13
1356,86,Message 14
1357,86,Message 15
1358,86,Message 16
1359,86,Message 17
1360,86,Message 18
1361,86,Message 19
1362,86,Message 20
1363,86,Message 21
1364,86,Message 22
1365,87,Message 0
1366,87,Message 1
1367,87,Message 2
1368,87,Message 3
1369,87,Message 4
1370,87,Message 5
1371,87,Message 6
1372,87,Message 7
1373,87,Message 8
1374,87,Message 9
1375,87,Message 10
1376,88,Message 0
1377,88,Message 1
1378,88,Message 2
1379,88,Message 3
1380,88,Message 4
1381,88,Message 5
1382,88,Message 6
1383,88,Message 7
1384,88,Message 8
1385,88,Message 9
1386,89,Message 0
1387,89,Message 1
1388,89,Message 2
1389,89,Message 3
1390,89,Message 4
1391,89,Message 5
1392,89,Message 6
1393,89,Message 7
1394,89,Message 8
1395,89,Message 9
1396,89,Message 10
1397,89,Message 11
1398,89,Message 12
1399,89,Message 13
1400,89,Message 14
1401,89,Message 15
1402,89,Message 16
1403,90,Message 0
1404,90,Message 1
1405,90,Message 2
1406,90,Message 3
1407,90,Message 4
1408,90,Message 5
1409,90,Message 6
1410,90,Message 7
1411,90,Message 8
1412,90,Message 9
1413,90,Message 10
1414,90,Message 11
1415,90,Message 12
1416,90,Message 13
1417,90,Message 14
1418,90,Message 15
1419,90,Message 16
1420,90,Message 17
1421,90,Message 18
1422,90,Message 19
1423,90,Message 20
1424,91,Message 0
1425,91,Message 1
1426,91,Message 2
1427,91,Message 3
1428,91,Message 4
1429,91,Message 5
1430,91,Message 6
1431,91,Message 7
1432,91,Message 8
1433,91,Message 9
1434,91,Message 10
1435,91,Message 11
1436,91,Message 12
1437,91,Message 13
1438,92,Message 0
1439,92,Message 1
1440,92,Message 2
1441,92,Message 3
1442,92,Message 4
1443,92,Message 5
1444,92,Message 6
1445,92,Message 7
1446,92,Message 8
1447,92,Message 9
1448,92,Message 10
1449,92,Message 11
1450,92,Message 12
1451,92,Message 13
1452,92,Message 14
1453,92,Message 15
1454,92,Message 16
1455,92,Message 17
1456,92,Message 18
1457,92,Message 19
1458,92,Message 20
1459,92,Message 21
1460,92,Message 22
1461,92,Message 23
1462,92,Message 24
1463,92,Message 25
1464,92,Message 26
1465,93,Message 0
1466,93,Message 1
1467,93,Message 2
1468,93,Message 3
1469,93,Message 4
1470,93,Message 5
1471,93,Message 6
1472,93,Message 7
1473,94,Message 0
1474,94,Message 1
1475,94,Message 2
1476,94,Message 3
1477,94,Message 4
1478,94,Message 5
1479,94,Message 6
1480,94,Message 7
1481,94,Message 8
1482,94,Message 9
1483,94,Message 10
1484,94,Message 11
1485,94,Message 12
1486,94,Message 13
1487,94,Message 14
1488,94,Message 15
1489,94,Message 16
1490,94,Message 17
1491,94,Message 18
1492,95,Message 0
1493,95,Message 1
1494,95,Message 2
1495,95,Message 3
1496,95,Message 4
1497,95,Message 5
1498,95,Message 6
1499,95,Message 7
1500,95,Message 8
1501,95,Message 9
1502,95,Message 10
1503,95,Message 11
1504,95,Message 12
1505,95,Message 13
1506,95,Message 14
1507,95,Message 15
1508,95,Message 16
1509,95,Message 17
1510,95,Message 18
1511,95,Message 19
1512,95,Message 20
1513,96,Message 0
1514,96,Message 1
1515,96,Message 2
1516,96,Message 3
1517,96,Message 4
1518,96,Message 5
1519,96,Message 6
1520,96,Message 7
1521,96,Message 8
1522,96,Message 9
1523,96,Message 10
1524,96,Message 11
1525,96,Message 12
1526,97,Message 0
1527,97,Message 1
1528,97,Message 2
1529,97,Message 3
1530,97,Message 4
1531,97,Message 5
1532,97,Message 6
1533,97,Message 7
1534,97,Message 8
1535,97,Message 9
1536,97,Message 10
1537,97,Message 11
1538,97,Message 12
1539,97,Message 13
1540,97,Message 14
1541,97,Message 15
1542,97,Message 16
1543,97,Message 17
1544,97,Message 18
1545,97,Message 19
1546,97,Message 20
1547,97,Message 21
1548,97,Message 22
1549,97,Message 23
1550,97,Message 24
1551,97,Message 25
1552,97,Message 26
1553,97,Message 27
1554,97,Message 28
1555,98,Message 0
1556,98,Message 1
1557,98,Message 2
1558,98,Message 3
1559,98,Message 4
1560,98,Message 5
1561,98,Message 6
1562,98,Message 7
1563,98,Message 8
1564,98,Message 9
1565,98,Message 10
1566,98,Message 11
1567,98,Message 12
1568,98,Message 13
1569,98,Message 14
1570,98,Message 15
1571,98,Message 16
1572,98,Message 17
1573,98,Message 18
1574,98,Message 19
1575,98,Message 20
1576,98,Message 21
1577,98,Message 22
1578,98,Message 23
1579,98,Message 24
1580,98,Message 25
1581,98,Message 26
1582,99,Message 0
1583,99,Message 1
1584,99,Message 2
1585,99,Message 3
1586,99,Message 4
1587,99,Message 5
1588,99,Message 6
1589,99,Message 7
1590,99,Message 8
1591,99,Message 9
1592,99,Message 10
1593,99,Message 11
1594,99,Message 12
1595,100,Message 0
1596,100,Message 1
1597,100,Message 2
1598,100,Message 3
1599,100,Message 4
1600,100,Message 5
1601,100,Message 6
1602,100,Message 7
1603,100,Message 8
1604,100,Message 9
1605,100,Message 10
1606,100,Message 11
1607,100,Message 12
1608,100,Message 13
1609,100,Message 14
1610,100,Message 15
1611,100,Message 16
1612,100,Message 17
1613,100,Message 18
1614,100,Message 19
1615,100,Message 20
1616,100,Message 21
1617,101,Message 0
1618,101,Message 1
1619,101,Message 2
1620,101,Message 3
1621,101,Message 4
